id_1;id_2;base_name;score_base;ref_1_name;score_ref_1;ref_2_name;score_ref_2;qwen_description;source_file
279;5645;CLIP;0.9540167;SigLIP;0.27984536;DINO;0.4690289;The two images provided are of a person with similar features, but they differ in subtle ways. The person in the first image has a more pronounced nose and a slightly different facial structure compared to the person in the second image. Additionally, the second image has a slightly different hair texture and color. The background in the second image appears to be more blurred, which could be due to a difference in the camera settings or the lighting conditions. The lighting in both images is similar, but the second image has a slightly different shadow cast by the person's head. The colors in both images are similar, but the second image has a slightly different hue in the skin tone. The cropping and framing of the images are similar, but the second image has a slightly;similarity_results\clip_caltech_blind_spots.csv
754;8134;CLIP;0.9604335;SigLIP;0.40524247;DINO;0.5333525;The two images provided are of a stop sign, but they differ in their background details, lighting, colors, and small details. The first image has a black background with a white border, while the second image has a white background with a red border. The lighting in the first image is bright and even, while in the second image, the lighting is dimmer and more shadowed. The colors in the first image are more vibrant and saturated, while in the second image, the colors are less vivid. The small details, such as the text and logos, are more prominent in the first image, while in the second image, they are less noticeable. The cropping and framing of the images are similar, but the overall composition and perspective are different;similarity_results\clip_caltech_blind_spots.csv
754;4125;CLIP;0.95528454;SigLIP;0.29976556;DINO;0.62543166;The two images provided are of a stop sign, but they differ in their background, lighting, and color saturation. The background of the first image is black, while the second image has a white background. The lighting in the first image is bright and evenly distributed, while the second image has a darker, more shadowed background. The colors in the first image are more vibrant and saturated, with the red of the stop sign standing out prominently. In contrast, the second image has a more muted color palette, with the stop sign appearing slightly faded. The second image also has a slightly different orientation, with the stop sign appearing to be slightly tilted. Overall, the differences between the two images are subtle, but they are noticeable enough to be considered distinct;similarity_results\clip_caltech_blind_spots.csv
754;6639;CLIP;0.95519733;SigLIP;0.6283473;DINO;0.5965179;The two images provided are of a stop sign, but they differ in their background details, lighting, colors, and small details. The first image has a black background with a white border, while the second image has a red background with a white border. The lighting in the first image is bright and even, while the second image has a darker, more shadowed background. The colors in the first image are more vibrant, with a red background and white text, while the second image has a more muted color palette. The small details, such as the text and logos, are more prominent in the first image, while the second image has a more subtle and less noticeable text. The cropping and framing of the images are similar, but the second image;similarity_results\clip_caltech_blind_spots.csv
754;7763;CLIP;0.954166;SigLIP;0.39481783;DINO;0.55296516;The two images provided are of a stop sign, but they differ in their background details, lighting, colors, and small details. The first image has a black background with a white border, while the second image has a red background with a white border. The lighting in the first image is bright and even, while the second image has a slightly darker and more shadowed background. The colors in the first image are more vibrant and saturated, while the second image has a more muted and subdued color palette. The small details, such as the text and logos, are more clearly visible in the first image, while the second image has a more blurred and less distinct appearance. The cropping and framing of the images are also different, with the first image being;similarity_results\clip_caltech_blind_spots.csv
1593;6639;CLIP;0.9626459;SigLIP;0.29946074;DINO;0.63530904;"The two images provided are of a stop sign, but they differ in their background details, lighting, colors, and small details. 

1. **Background Details**: The background of the first image is a solid red color, while the background of the second image is a more complex pattern with various textures and patterns. The first image has a smooth, solid red background, while the second image has a more intricate pattern with various textures and patterns, including what appears to be a pattern of small dots or lines.

2. **Lighting and Shadows**: The lighting and shadows in the first image are consistent and uniform, with no noticeable shadows or highlights. In contrast, the second image has more complex lighting and shadows, with different highlights and shadows on the";similarity_results\clip_caltech_blind_spots.csv
6030;6128;CLIP;0.9555446;SigLIP;0.2141384;DINO;0.61479115;The two images provided are of a person with curly hair, but they differ in several subtle ways. The person in the first image has a more pronounced forehead and a slightly different hairstyle, with the hair appearing slightly more voluminous. The second image has a more pronounced jawline and a slightly different facial structure, with the hair appearing slightly more defined and the forehead appearing slightly more rounded. Additionally, the second image has a slightly different background, with a more intricate pattern and a different color scheme. The lighting and shadows in both images are similar, but the second image has a slightly different color balance and saturation. The cropping and framing of both images are similar, but the second image has a slightly different perspective, with a different angle and a slightly different;similarity_results\clip_caltech_blind_spots.csv
4971;6450;DINO;0.96989;SigLIP;0.5210355;CLIP;0.6489136;The image on the left is a grand piano with a black finish and a gold trim. The piano has a rectangular body with a curved top and four legs. The keys are white, and the piano is positioned on a white surface. The image on the right is a semi-concert grand piano with a black finish and a gold trim. The piano has a rectangular body with a curved top and four legs. The keys are white, and the piano is positioned on a white surface. The only difference between the two images is the brand and model of the piano. The RX-7 semi-concert grand piano on the right is a different model from the RX-7 grand piano on the left.;similarity_results\dino_caltech_blind_spots.csv
943;5196;DINO;0.9640348;SigLIP;0.4506998;CLIP;0.60909975;"The image on the left is a grand piano with a black finish and a white keyboard. The piano is positioned on a black stool, and the background is plain white. The lighting is bright, and the shadows are sharp, indicating a well-lit environment. The piano has a polished, reflective surface, and the keys are clearly visible.

The image on the right is also a grand piano, but it has a different finish and color. The piano is black with a gold trim, and the keyboard is white. The background is also plain white, but the lighting is softer, creating a more diffused effect. The piano has a more matte finish, and the keys are less reflective. The gold trim adds a touch of elegance to the otherwise plain";similarity_results\dino_caltech_blind_spots.csv
5196;7735;DINO;0.96255946;SigLIP;0.3620366;CLIP;0.63629985;The image on the left is a grand piano with a black finish, while the image on the right is a grand piano with a black finish as well. The only difference between the two images is the background. The background of the image on the left is a solid gray color, while the background of the image on the right is a solid white color. This difference in background color is the only noticeable difference between the two images.;similarity_results\dino_caltech_blind_spots.csv
5196;5632;DINO;0.9552121;SigLIP;0.41891876;CLIP;0.595543;"The image on the left is a grand piano with a dark, glossy finish. The piano has a rectangular body with a curved top, and it is positioned against a dark background. The piano is accompanied by a matching stool and a small bench. The lighting is soft and even, casting gentle shadows that highlight the contours of the piano and the stool.

The image on the right is a maroon-colored piano with a similar rectangular body and curved top. The piano is also positioned against a dark background. The maroon color of the piano contrasts with the dark background, making the piano stand out more prominently. The lighting is similar to the left image, with soft shadows that highlight the piano's contours.

The main difference between the two images is the color";similarity_results\dino_caltech_blind_spots.csv
5196;5850;DINO;0.95502424;SigLIP;0.3364873;CLIP;0.610653;The image on the left is a grand piano with a black finish, while the image on the right is a grand piano with a black finish as well. The main difference between the two images is the background. The background of the image on the left is a solid black color, while the background of the image on the right is a solid white color. Additionally, the lighting and shadows in the image on the left are darker than the lighting and shadows in the image on the right. The colors and saturation of the image on the left are darker than the colors and saturation of the image on the right. The image on the left has a more pronounced contrast between the black piano and the black background, while the image on the right has a more balanced;similarity_results\dino_caltech_blind_spots.csv
5271;6633;DINO;0.96360546;SigLIP;0.3988083;CLIP;0.6285085;"The two images provided are of different grand pianos, each with distinct features and markings. The first image shows a piano with a mahogany finish and the text ""G42 CH G42R CH"" on its lid. The second image depicts a piano with a black finish and the text ""RX-2 Classic Grand"" on its lid. The differences between the two images are as follows:

1. **Background Details**: The first image has a green background with a circular emblem, while the second image has a white background with no visible emblem.
2. **Lighting and Shadows**: The first image has a well-lit scene with shadows cast on the piano, while the second image has a more even lighting with no visible shadows.";similarity_results\dino_caltech_blind_spots.csv
279;5645;SigLIP2;0.9540168;CLIP;0.44077352;DINO;0.46902937;The two images provided are of a person with similar features, but they differ in subtle ways. The person in the first image has a more pronounced nose and a slightly different facial structure compared to the person in the second image. Additionally, the second image has a slightly different hair texture and color. The background in the second image appears to be more blurred, which could be due to a difference in the camera settings or the lighting conditions. The lighting in both images is similar, but the second image has a slightly different shadow cast by the person's head. The colors in both images are similar, but the second image has a slightly different hue in the skin tone. The cropping and framing of the images are similar, but the second image has a slightly;similarity_results\siglip2_caltech_blind_spots.csv
754;8134;SigLIP2;0.9604338;CLIP;0.40865803;DINO;0.5333526;The two images provided are of a stop sign, but they differ in their background details, lighting, colors, and small details. The first image has a black background with a white border, while the second image has a white background with a red border. The lighting in the first image is bright and even, while in the second image, the lighting is dimmer and more shadowed. The colors in the first image are more vibrant and saturated, while in the second image, the colors are less vivid. The small details, such as the text and logos, are more prominent in the first image, while in the second image, they are less noticeable. The cropping and framing of the images are similar, but the overall composition and perspective are different;similarity_results\siglip2_caltech_blind_spots.csv
754;4125;SigLIP2;0.9552852;CLIP;0.41428232;DINO;0.62543136;The two images provided are of a stop sign, but they differ in their background, lighting, and color saturation. The background of the first image is black, while the second image has a white background. The lighting in the first image is bright and evenly distributed, while the second image has a darker, more shadowed background. The colors in the first image are more vibrant and saturated, with the red of the stop sign standing out prominently. In contrast, the second image has a more muted color palette, with the stop sign appearing slightly faded. The second image also has a slightly different orientation, with the stop sign appearing to be slightly tilted. Overall, the differences between the two images are subtle, but they are noticeable enough to be considered distinct;similarity_results\siglip2_caltech_blind_spots.csv
754;6639;SigLIP2;0.9551976;CLIP;0.63835603;DINO;0.596518;The two images provided are of a stop sign, but they differ in their background details, lighting, colors, and small details. The first image has a black background with a white border, while the second image has a red background with a white border. The lighting in the first image is bright and even, while the second image has a darker, more shadowed background. The colors in the first image are more vibrant, with a red background and white text, while the second image has a more muted color palette. The small details, such as the text and logos, are more prominent in the first image, while the second image has a more subtle and less noticeable text. The cropping and framing of the images are similar, but the second image;similarity_results\siglip2_caltech_blind_spots.csv
754;7763;SigLIP2;0.9541671;CLIP;0.39948106;DINO;0.5529653;The two images provided are of a stop sign, but they differ in their background details, lighting, colors, and small details. The first image has a black background with a white border, while the second image has a red background with a white border. The lighting in the first image is bright and even, while the second image has a slightly darker and more shadowed background. The colors in the first image are more vibrant and saturated, while the second image has a more muted and subdued color palette. The small details, such as the text and logos, are more clearly visible in the first image, while the second image has a more blurred and less distinct appearance. The cropping and framing of the images are also different, with the first image being;similarity_results\siglip2_caltech_blind_spots.csv
1593;6639;SigLIP2;0.962646;CLIP;0.3582179;DINO;0.6353098;"The two images provided are of a stop sign, but they differ in their background details, lighting, colors, and small details. 

1. **Background Details**: The background of the first image is a solid red color, while the background of the second image is a more complex pattern with various textures and patterns. The first image has a smooth, solid red background, while the second image has a more intricate pattern with various textures and patterns, including what appears to be a pattern of small dots or lines.

2. **Lighting and Shadows**: The lighting and shadows in the first image are consistent and uniform, with no noticeable shadows or highlights. In contrast, the second image has more complex lighting and shadows, with different highlights and shadows on the";similarity_results\siglip2_caltech_blind_spots.csv
2391;5165;SigLIP2;0.9543964;CLIP;0.64906526;DINO;0.46934634;The two images provided are of a person with similar features, but they differ in subtle ways. The person in the first image has a more pronounced nose and a slightly different facial structure compared to the person in the second image. Additionally, the second image has a slightly different hair color and texture. The background in the first image appears to be more colorful and vibrant, while the second image has a more muted and less detailed background. The lighting in both images is similar, but the second image has a slightly different shadow cast by the person. The colors in both images are similar, but the second image has a slightly different saturation level. The person in the second image has a slightly different pose, with their arms slightly more bent at the elbows. The;similarity_results\siglip2_caltech_blind_spots.csv
2391;6030;SigLIP2;0.95433164;CLIP;0.6098478;DINO;0.46578345;The two images provided are of a person with similar features, but there are subtle differences that can be observed pixel by pixel. The background in the first image appears to have a more detailed and textured pattern, while the second image has a smoother and less detailed background. Additionally, the lighting in the first image seems to be more even, while the second image has a slightly darker and more shadowed background. The colors in the first image are more vibrant and saturated, while the second image has a more muted and subdued color palette. The object positions, sizes, and orientations are similar, but there are slight variations in the hair texture and the overall shape of the face. The cropping and framing are also similar, but there are minor differences in the positioning;similarity_results\siglip2_caltech_blind_spots.csv
6030;6128;SigLIP2;0.95554477;CLIP;0.29231858;DINO;0.6147915;The two images provided are of a person with curly hair, but they differ in several subtle ways. The person in the first image has a more pronounced forehead and a slightly different hairstyle, with the hair appearing slightly more voluminous. The second image has a more pronounced jawline and a slightly different facial structure, with the hair appearing slightly more defined and the forehead appearing slightly more rounded. Additionally, the second image has a slightly different background, with a more intricate pattern and a different color scheme. The lighting and shadows in both images are similar, but the second image has a slightly different color balance and saturation. The cropping and framing of both images are similar, but the second image has a slightly different perspective, with a different angle and a slightly different;similarity_results\siglip2_caltech_blind_spots.csv
5818;6132;SigLIP;0.9518752;CLIP;0.6428739;DINO;-0.00031297863;The image on the left is a small, white airplane with a red and yellow logo on the tail and a blue and white logo on the fuselage. The airplane is flying in the sky, and the background is a clear blue sky with no clouds. The image on the right is a large, red and white airplane with a blue and white logo on the fuselage and a red and yellow logo on the tail. The airplane is also flying in the sky, but the background is a different color, and there are no clouds in the sky. The two images are similar in terms of their overall shape and size, but they differ in their background color and the presence of clouds in the sky.;similarity_results\siglip_caltech_blind_spots.csv
